Patient Number,Sadness,Euphoric,Mood Swing,Suicidal thoughts,Anorxia,Authority Respect,Try-Explanation,Aggressive Response,Ignore & Move-On,Nervous Break-down,Admit Mistakes,Overthinking,Concentration,Expert Diagnose
Patiant-01,3,1,1,0,0,0,1,0,0,1,1,1,3,Bipolar Type-2
Patiant-02,3,1,0,1,0,0,0,0,0,0,0,0,2,Depression
Patiant-03,2,4,1,0,0,0,1,1,0,1,1,0,5,Bipolar Type-1
Patiant-04,3,1,1,1,1,0,1,0,0,0,0,0,2,Bipolar Type-2
Patiant-05,3,3,0,0,0,0,0,0,0,1,1,1,5,Normal
Patiant-06,3,2,0,1,1,1,0,0,0,0,1,0,5,Depression
Patiant-07,1,3,1,1,1,0,1,1,0,1,1,1,2,Bipolar Type-1
Patiant-08,3,2,0,0,0,0,1,0,0,0,0,1,5,Normal
Patiant-09,4,1,1,1,1,0,1,1,0,1,0,0,2,Bipolar Type-2
Patiant-10,3,1,0,0,0,0,1,0,0,1,1,1,4,Depression
Patiant-11,1,2,0,0,0,1,0,0,0,0,1,0,7,Normal
Patiant-12,1,2,1,1,1,0,1,1,0,1,0,1,4,Bipolar Type-1
Patiant-13,4,2,1,1,1,0,1,1,0,1,0,1,2,Bipolar Type-2
Patiant-14,3,3,0,0,0,1,0,0,0,0,0,0,7,Normal
Patiant-15,3,1,0,1,0,0,1,0,1,1,1,1,4,Depression
Patiant-16,2,2,1,0,1,0,1,1,0,0,0,1,4,Bipolar Type-1
Patiant-17,2,3,0,0,0,0,1,0,0,0,1,0,4,Normal
Patiant-18,3,2,1,0,0,0,1,1,0,1,0,1,2,Bipolar Type-1
Patiant-19,4,1,0,0,0,0,1,0,1,1,1,1,4,Depression
Patiant-20,2,3,0,0,0,1,1,1,0,0,1,1,4,Normal
Patiant-21,2,2,1,0,0,1,1,1,0,1,1,1,2,Bipolar Type-2
Patiant-22,3,2,1,1,1,0,1,1,0,0,0,1,4,Bipolar Type-1
Patiant-23,2,2,0,0,1,1,1,0,0,0,0,1,7,Normal
Patiant-24,3,2,0,0,0,0,0,1,0,0,0,0,4,Depression
Patiant-25,3,2,1,0,0,0,0,0,0,1,1,1,4,Bipolar Type-2
Patiant-26,2,2,0,0,0,1,0,0,1,0,1,0,6,Normal
Patiant-27,2,2,0,0,0,0,1,1,0,0,0,0,4,Normal
Patiant-28,3,1,0,0,0,0,1,0,1,1,0,1,2,Depression
Patiant-29,3,1,1,1,1,1,1,0,1,1,0,1,2,Bipolar Type-2
Patiant-30,2,2,0,1,0,1,0,0,1,0,1,0,5,Normal
Patiant-31,2,4,1,1,0,1,1,1,0,1,0,0,2,Bipolar Type-1
Patiant-32,4,2,0,1,0,1,0,0,1,0,1,1,4,Depression
Patiant-33,2,1,1,1,0,1,0,0,1,1,0,1,5,Bipolar Type-2
Patiant-34,2,3,1,1,1,0,1,1,0,0,0,0,5,Bipolar Type-1
Patiant-35,2,1,0,0,0,1,1,0,1,0,1,0,5,Normal
Patiant-36,4,1,0,0,0,0,0,0,1,1,1,1,4,Depression
Patiant-37,2,1,1,1,1,0,1,0,0,1,0,0,5,Bipolar Type-1
Patiant-38,3,1,1,1,0,1,1,0,0,1,0,0,3,Bipolar Type-2
Patiant-39,2,1,0,0,0,1,0,0,1,0,1,0,5,Normal
Patiant-40,2,2,1,1,0,1,1,1,0,0,1,0,3,Bipolar Type-2
Patiant-41,3,2,0,1,0,0,1,0,0,0,0,1,2,Depression
Patiant-42,4,1,1,1,1,0,1,0,1,1,0,1,2,Bipolar Type-2
Patiant-43,1,2,1,0,0,1,0,0,1,0,1,1,4,Normal
Patiant-44,2,4,1,1,1,0,0,1,0,1,0,0,2,Bipolar Type-1
Patiant-45,4,1,0,1,1,0,0,0,1,1,0,1,3,Depression
Patiant-46,4,2,1,0,0,1,0,0,1,1,1,0,4,Bipolar Type-2
Patiant-47,2,1,0,0,0,1,0,0,1,0,1,0,5,Normal
Patiant-48,4,1,1,1,0,0,1,0,1,0,1,0,3,Bipolar Type-2
Patiant-49,1,3,1,1,0,0,0,0,0,1,0,0,4,Bipolar Type-1
Patiant-50,3,1,0,0,0,0,0,1,0,0,0,0,4,Depression
Patiant-51,2,2,0,0,0,1,0,1,1,0,1,0,4,Normal
Patiant-52,3,1,1,0,0,0,1,1,0,0,0,0,3,Bipolar Type-2
Patiant-53,4,1,0,1,0,0,0,0,1,1,0,1,2,Depression
Patiant-54,1,3,1,0,1,1,0,1,1,1,0,0,1,Bipolar Type-1
Patiant-55,4,1,1,1,1,0,0,1,0,1,1,1,2,Bipolar Type-2
Patiant-56,2,1,0,0,1,0,0,1,1,1,0,0,4,Normal
Patiant-57,1,4,1,0,0,1,1,0,1,0,0,1,4,Bipolar Type-1
Patiant-58,1,3,1,0,1,0,1,0,0,0,0,1,2,Bipolar Type-1
Patiant-59,2,2,0,0,1,1,0,0,0,1,1,1,7,Depression
Patiant-60,1,4,0,0,1,0,1,0,1,0,1,0,4,Normal
Patiant-61,3,2,1,1,0,0,0,1,1,0,1,1,4,Bipolar Type-2
Patiant-62,3,2,0,1,0,0,1,0,0,1,1,1,5,Depression
Patiant-63,3,1,1,0,1,0,0,1,0,0,0,0,4,Bipolar Type-1
Patiant-64,4,1,1,1,1,1,0,1,0,1,0,0,4,Bipolar Type-2
Patiant-65,2,2,0,1,1,0,1,1,0,0,0,0,6,Normal
Patiant-66,3,1,0,1,0,0,0,0,0,0,1,1,5,Depression
Patiant-67,2,3,0,0,1,1,1,0,1,0,0,0,6,Normal
Patiant-68,2,1,1,0,1,0,1,1,0,1,1,0,4,Bipolar Type-1
Patiant-69,3,1,1,1,0,0,1,0,0,1,1,0,5,Bipolar Type-2
Patiant-70,2,3,0,1,0,0,0,1,0,0,1,1,4,Bipolar Type-1
Patiant-71,2,1,0,1,0,0,0,1,1,1,1,1,6,Depression
Patiant-72,1,1,1,1,0,1,1,1,1,1,1,1,3,Bipolar Type-2
Patiant-73,2,1,1,0,0,0,0,1,0,1,0,0,5,Bipolar Type-1
Patiant-74,2,3,0,0,0,1,0,0,0,1,0,1,4,Normal
Patiant-75,3,2,1,0,1,0,0,1,0,1,1,1,7,Bipolar Type-2
Patiant-76,3,2,0,1,1,0,1,0,1,1,0,0,3,Depression
Patiant-77,3,2,0,0,1,0,0,1,0,0,0,1,2,Depression
Patiant-78,3,1,1,0,0,0,0,1,1,0,0,0,2,Bipolar Type-2
Patiant-79,3,2,0,0,0,0,1,1,1,0,0,0,6,Normal
Patiant-80,4,1,0,1,1,1,0,1,1,1,1,1,3,Depression
Patiant-81,2,2,1,1,0,0,0,1,0,0,1,1,2,Bipolar Type-1
Patiant-82,4,2,1,0,0,0,0,0,0,1,0,0,4,Bipolar Type-2
Patiant-83,3,1,0,0,0,0,0,1,0,1,1,1,7,Depression
Patiant-84,1,3,0,0,1,1,1,1,1,0,1,1,8,Normal
Patiant-85,3,1,1,0,0,0,0,1,1,1,0,0,6,Bipolar Type-1
Patiant-86,2,2,1,1,1,1,0,1,1,1,1,1,4,Bipolar Type-2
Patiant-87,3,2,0,1,0,0,1,0,0,1,0,1,7,Depression
Patiant-88,3,1,1,0,1,0,0,1,0,1,1,1,2,Bipolar Type-1
Patiant-89,1,4,0,0,1,1,0,1,0,1,0,1,6,Bipolar Type-1
Patiant-90,2,3,0,0,0,1,1,1,1,1,1,0,3,Normal
Patiant-91,4,1,0,1,0,1,0,1,1,1,0,1,4,Depression
Patiant-92,3,2,1,1,0,1,0,1,0,0,1,1,6,Bipolar Type-2
Patiant-93,2,3,0,0,0,1,0,0,0,0,1,1,7,Normal
Patiant-94,3,1,1,0,1,0,1,1,0,0,1,0,1,Bipolar Type-1
Patiant-95,4,1,0,1,0,0,0,0,0,0,0,1,8,Depression
Patiant-96,3,2,1,1,0,1,1,0,1,1,0,1,4,Bipolar Type-2
Patiant-97,2,3,1,0,0,1,0,1,0,0,1,1,5,Bipolar Type-1
Patiant-98,2,4,0,0,0,1,0,0,0,0,1,1,2,Normal
Patiant-99,4,2,0,1,0,0,1,0,0,1,0,0,7,Depression
Patiant-100,3,1,1,1,1,1,1,0,0,0,1,0,5,Bipolar Type-2
Patiant-101,3,2,1,0,0,0,0,1,1,0,0,1,1,Bipolar Type-1
Patiant-102,2,1,0,1,0,0,0,0,1,0,1,0,6,Depression
Patiant-103,1,3,0,1,0,0,1,1,0,1,1,0,6,Bipolar Type-1
Patiant-104,2,4,0,0,1,1,0,1,1,1,1,0,4,Normal
Patiant-105,3,2,1,1,1,0,0,0,1,1,0,0,4,Bipolar Type-2
Patiant-106,4,1,0,1,1,1,0,0,1,0,1,1,7,Depression
Patiant-107,1,3,0,0,0,0,1,1,1,0,1,1,5,Normal
Patiant-108,2,2,0,1,1,0,1,1,0,1,1,0,7,Depression
Patiant-109,3,2,1,1,1,1,0,1,1,1,0,1,1,Bipolar Type-2
Patiant-110,4,1,0,0,1,0,1,0,0,1,0,1,3,Depression
Patiant-111,2,4,0,0,0,1,0,0,0,0,1,0,7,Normal
Patiant-112,2,2,1,1,0,1,0,0,1,1,0,0,1,Bipolar Type-2
Patiant-113,1,3,1,0,1,1,1,1,1,1,0,1,8,Bipolar Type-1
Patiant-114,2,1,1,1,1,0,0,0,1,0,1,1,5,Bipolar Type-2
Patiant-115,1,2,0,0,0,0,0,1,0,0,0,0,8,Normal
Patiant-116,4,1,0,1,0,0,1,0,1,0,0,1,5,Depression
Patiant-117,2,2,1,0,0,0,0,1,0,0,0,1,7,Bipolar Type-1
Patiant-118,3,2,1,0,1,1,0,0,0,1,0,1,5,Bipolar Type-2
Patiant-119,3,2,0,1,1,0,1,1,1,0,1,1,7,Depression
Patiant-120,2,3,0,0,0,1,1,0,1,1,0,0,3,Normal
